HARDY   |Hardi
LONELY  |Solo
BRAVE   |Brave
ADAMANT |Rigide
NAUGHTY |Mauvais
BOLD    |Assuré
DOCILE  |Docile
RELAXED |Relax
IMPISH  |Malin
LAX     |Lâche
TIMID   |Timide
HASTY   |Pressé
SERIOUS |Sérieux
JOLLY   |Jovial
NAIVE   |Naïf
MODEST  |Modeste
MILD    |Doux
QUIET   |Discret
BASHFUL |Pudique
RASH    |Foufou
CALM    |Calme
GENTLE  |Gentil
SASSY   |Malpoli
CAREFUL |Prudent
QUIRKY  |Bizarre
